{
  "K5_L1": {
    "appceleratorstudio": 2.856588864326477,
    "aptanastudio": 4.836771845817566,
    "bamboo": 1.3317829847335816,
    "clover": 3.1733509063720704,
    "datamanagement": 8.529515266418457,
    "duracloud": 1.0812405467033386,
    "jirasoftware": 2.5066282749176025,
    "mesos": 1.62543283700943,
    "moodle": 12.230749320983886,
    "mule": 3.0993212699890136,
    "mulestudio": 3.485694646835327,
    "springxd": 2.536154496669769,
    "talenddataquality": 3.7316860914230348,
    "talendesb": 0.9420625686645507,
    "titanium": 3.2634016036987306,
    "usergrid": 1.1417190730571747
  },
  "K5_L5": {
    "appceleratorstudio": 2.8491076946258547,
    "aptanastudio": 4.669417452812195,
    "bamboo": 1.2434108257293701,
    "clover": 3.081266498565674,
    "datamanagement": 7.848262596130371,
    "duracloud": 1.2036308646202087,
    "jirasoftware": 2.3556196212768556,
    "mesos": 1.4662686467170716,
    "moodle": 12.44453067779541,
    "mule": 2.700904965400696,
    "mulestudio": 3.434938144683838,
    "springxd": 2.1641011118888853,
    "talenddataquality": 3.6768895387649536,
    "talendesb": 1.0539976835250855,
    "titanium": 3.4968388080596924,
    "usergrid": 0.9911949694156647
  },
  "K5_L10": {
    "appceleratorstudio": 3.0422443151474,
    "aptanastudio": 4.78179612159729,
    "bamboo": 1.2614340901374816,
    "clover": 3.0591028928756714,
    "datamanagement": 7.569026184082031,
    "duracloud": 1.3101361751556397,
    "jirasoftware": 2.339769458770752,
    "mesos": 1.4405970335006715,
    "moodle": 12.677519416809082,
    "mule": 2.7114253759384157,
    "mulestudio": 3.450343894958496,
    "springxd": 2.11627379655838,
    "talenddataquality": 3.680668592453003,
    "talendesb": 1.2008111357688904,
    "titanium": 3.641718626022339,
    "usergrid": 0.9813417315483093
  },
  "K5_L20": {
    "appceleratorstudio": 3.3130061864852904,
    "aptanastudio": 4.925606727600098,
    "bamboo": 1.2990310192108154,
    "clover": 3.040369439125061,
    "datamanagement": 7.41731014251709,
    "duracloud": 1.4245083451271057,
    "jirasoftware": 2.3149855613708494,
    "mesos": 1.434746265411377,
    "moodle": 12.954263591766358,
    "mule": 2.684615397453308,
    "mulestudio": 3.479642367362976,
    "springxd": 2.098807179927826,
    "talenddataquality": 3.6808139085769653,
    "talendesb": 1.351796066761017,
    "titanium": 3.7784060716629027,
    "usergrid": 0.9593291401863098
  },
  "K5_L50": {
    "appceleratorstudio": 3.5544612407684326,
    "aptanastudio": 5.079247665405274,
    "bamboo": 1.3666666984558105,
    "clover": 3.023482871055603,
    "datamanagement": 7.348670101165771,
    "duracloud": 1.558093798160553,
    "jirasoftware": 2.2847262144088747,
    "mesos": 1.4645373344421386,
    "moodle": 13.2329026222229,
    "mule": 2.7159502506256104,
    "mulestudio": 3.517469072341919,
    "springxd": 2.0979267358779907,
    "talenddataquality": 3.691206383705139,
    "talendesb": 1.4977983593940736,
    "titanium": 3.917453241348267,
    "usergrid": 0.9693920373916626
  },
  "K10_L1": {
    "appceleratorstudio": 2.439291834831238,
    "aptanastudio": 4.199511575698852,
    "bamboo": 1.1432485222816466,
    "clover": 3.1286095857620237,
    "datamanagement": 7.620420837402344,
    "duracloud": 1.0196646451950073,
    "jirasoftware": 2.5020467758178713,
    "mesos": 1.4802395224571228,
    "moodle": 12.320588111877441,
    "mule": 2.8794084072113035,
    "mulestudio": 3.510249304771423,
    "springxd": 2.0463310360908507,
    "talenddataquality": 3.7954777002334597,
    "talendesb": 0.973776227235794,
    "titanium": 3.2408745765686033,
    "usergrid": 1.0572033822536469
  },
  "K10_L5": {
    "appceleratorstudio": 2.7311790943145753,
    "aptanastudio": 4.307081842422486,
    "bamboo": 1.1107632040977478,
    "clover": 3.0810160636901855,
    "datamanagement": 7.4858921527862545,
    "duracloud": 1.1193597674369813,
    "jirasoftware": 2.3871345043182375,
    "mesos": 1.4264670729637146,
    "moodle": 12.48961944580078,
    "mule": 2.7478953123092653,
    "mulestudio": 3.486703562736511,
    "springxd": 1.999374258518219,
    "talenddataquality": 3.745368313789368,
    "talendesb": 0.9495338022708892,
    "titanium": 3.3347612857818603,
    "usergrid": 0.9849576115608215
  },
  "K10_L10": {
    "appceleratorstudio": 2.982158827781677,
    "aptanastudio": 4.48339433670044,
    "bamboo": 1.158317005634308,
    "clover": 3.0590909004211424,
    "datamanagement": 7.411122989654541,
    "duracloud": 1.1974085211753844,
    "jirasoftware": 2.351461958885193,
    "mesos": 1.415808379650116,
    "moodle": 12.66548433303833,
    "mule": 2.6968145608901977,
    "mulestudio": 3.485734057426453,
    "springxd": 1.9955346822738647,
    "talenddataquality": 3.7215171337127684,
    "talendesb": 1.0212121188640595,
    "titanium": 3.463498425483704,
    "usergrid": 0.9508474469184875
  },
  "K10_L20": {
    "appceleratorstudio": 3.1992780923843385,
    "aptanastudio": 4.673870468139649,
    "bamboo": 1.2246575117111207,
    "clover": 3.044919800758362,
    "datamanagement": 7.365707588195801,
    "duracloud": 1.3019816994667053,
    "jirasoftware": 2.3391812562942507,
    "mesos": 1.4262874364852904,
    "moodle": 12.901903247833252,
    "mule": 2.7018202543258667,
    "mulestudio": 3.4898891925811766,
    "springxd": 2.0149601697921753,
    "talenddataquality": 3.7065645456314087,
    "talendesb": 1.182400929927826,
    "titanium": 3.6242748975753782,
    "usergrid": 0.9567796468734742
  },
  "K10_L50": {
    "appceleratorstudio": 3.4809212684631348,
    "aptanastudio": 4.921611738204956,
    "bamboo": 1.3009784817695618,
    "clover": 3.0245989561080933,
    "datamanagement": 7.343139266967773,
    "duracloud": 1.4570122003555297,
    "jirasoftware": 2.315497064590454,
    "mesos": 1.4410778522491454,
    "moodle": 13.180968856811523,
    "mule": 2.716609787940979,
    "mulestudio": 3.5200830936431884,
    "springxd": 2.0570250511169434,
    "talenddataquality": 3.7111597537994383,
    "talendesb": 1.3820512890815735,
    "titanium": 3.8126729488372804,
    "usergrid": 0.9521186411380768
  },
  "K20_L1": {
    "appceleratorstudio": 2.376888561248779,
    "aptanastudio": 4.048578500747681,
    "bamboo": 1.2045908212661742,
    "clover": 3.1313186645507813,
    "datamanagement": 7.557822227478027,
    "duracloud": 1.0255417943000793,
    "jirasoftware": 2.432228922843933,
    "mesos": 1.4767469882965087,
    "moodle": 12.236474514007568,
    "mule": 2.8485615968704225,
    "mulestudio": 3.3846909761428834,
    "springxd": 1.9704506397247314,
    "talenddataquality": 3.8113152265548704,
    "talendesb": 0.9564858496189117,
    "titanium": 3.2030478954315185,
    "usergrid": 0.9967532455921173
  },
  "K20_L5": {
    "appceleratorstudio": 2.5701276302337646,
    "aptanastudio": 4.082200217247009,
    "bamboo": 1.1293413281440734,
    "clover": 3.096703290939331,
    "datamanagement": 7.493415117263794,
    "duracloud": 1.0414860665798187,
    "jirasoftware": 2.391566252708435,
    "mesos": 1.4395180463790893,
    "moodle": 12.399738121032716,
    "mule": 2.779861879348755,
    "mulestudio": 3.390308976173401,
    "springxd": 1.9251283526420593,
    "talenddataquality": 3.779426860809326,
    "talendesb": 0.8887971580028534,
    "titanium": 3.2955625295639037,
    "usergrid": 0.9681818127632141
  },
  "K20_L10": {
    "appceleratorstudio": 2.7612625122070313,
    "aptanastudio": 4.143881368637085,
    "bamboo": 1.1033931970596313,
    "clover": 3.08461537361145,
    "datamanagement": 7.444609451293945,
    "duracloud": 1.1114551067352294,
    "jirasoftware": 2.3590361356735228,
    "mesos": 1.4125301361083984,
    "moodle": 12.544328117370606,
    "mule": 2.741426944732666,
    "mulestudio": 3.3985954761505126,
    "springxd": 1.9120365262031556,
    "talenddataquality": 3.7481998443603515,
    "talendesb": 0.9404481053352356,
    "titanium": 3.403227186203003,
    "usergrid": 0.9443722844123841
  },